TransactionID,DeviceID,FlagReason
500013,dvc_71043,AmountAnomaly
500070,dvc_33593,AmountAnomaly
500261,dvc_16297,AmountAnomaly
500262,dvc_16297,AmountAnomaly
500273,dvc_95881,Velocity
500479,dvc_46827,ManualReview
500904,dvc_58697,LocationMismatch
500943,dvc_13349,Velocity
501223,dvc_51617,ManualReview
501515,dvc_36041,ManualReview
501536,dvc_36041,LocationMismatch
501595,dvc_16977,Velocity
501680,dvc_49617,Velocity
501729,dvc_57252,AmountAnomaly
501887,dvc_76165,ManualReview
501990,dvc_29445,ManualReview
501992,dvc_24544,LocationMismatch
502020,dvc_26333,LocationMismatch
502455,dvc_16343,Velocity
502643,dvc_86871,ManualReview
502785,dvc_58393,Velocity
503202,dvc_71224,Velocity
503353,dvc_60881,Velocity
504463,dvc_39762,LocationMismatch
504515,dvc_54282,LocationMismatch
504593,dvc_71868,ManualReview
504839,dvc_42460,LocationMismatch
504851,dvc_48224,Velocity
504947,dvc_88664,ManualReview
504957,dvc_88664,Velocity
505396,dvc_27365,LocationMismatch
505472,dvc_45604,ManualReview
505813,dvc_61988,ManualReview
505862,dvc_77166,Velocity
506076,dvc_30208,AmountAnomaly
506121,dvc_23771,Velocity
506217,dvc_81269,LocationMismatch
506299,dvc_31828,AmountAnomaly
506474,dvc_77135,AmountAnomaly
506481,dvc_76127,ManualReview
506508,dvc_12263,AmountAnomaly
506592,dvc_74050,Velocity
506911,dvc_30917,LocationMismatch
506952,dvc_63127,Velocity
507031,dvc_84123,LocationMismatch
507036,dvc_14291,ManualReview
507056,dvc_18980,LocationMismatch
507269,dvc_37929,Velocity
507314,dvc_53091,Velocity
507382,dvc_38637,AmountAnomaly
507610,dvc_86824,Velocity
507611,dvc_86824,LocationMismatch
507850,dvc_40345,Velocity
508286,dvc_28642,ManualReview
508326,dvc_66546,Velocity
508328,dvc_92563,LocationMismatch
508550,dvc_80760,AmountAnomaly
508845,dvc_88808,LocationMismatch
509143,dvc_53072,AmountAnomaly
509160,dvc_57864,Velocity
509639,dvc_38810,ManualReview
509777,dvc_78794,LocationMismatch
509929,dvc_40814,LocationMismatch
510063,dvc_50345,LocationMismatch
510146,dvc_79615,Velocity
510181,dvc_36929,AmountAnomaly
510358,dvc_44347,Velocity
510517,dvc_95305,AmountAnomaly
510832,dvc_37195,LocationMismatch
510952,dvc_66594,LocationMismatch
511137,dvc_19836,ManualReview
511232,dvc_44200,ManualReview
511536,dvc_62207,Velocity
511554,dvc_99593,ManualReview
511769,dvc_16830,AmountAnomaly
511780,dvc_82175,LocationMismatch
512044,dvc_16369,AmountAnomaly
512088,dvc_79209,ManualReview
512173,dvc_54715,AmountAnomaly
512311,dvc_34506,AmountAnomaly
512478,dvc_23495,LocationMismatch
512661,dvc_86968,ManualReview
512805,dvc_63515,ManualReview
513296,dvc_39528,AmountAnomaly
513756,dvc_57963,Velocity
513837,dvc_42782,AmountAnomaly
513872,dvc_57243,Velocity
513882,dvc_84995,ManualReview
513902,dvc_84995,Velocity
514241,dvc_89739,LocationMismatch
514493,dvc_26792,LocationMismatch
514505,dvc_57580,Velocity
514517,dvc_95258,AmountAnomaly
514736,dvc_95936,LocationMismatch
515113,dvc_70292,ManualReview
515200,dvc_99811,LocationMismatch
515282,dvc_52281,Velocity
515344,dvc_92417,LocationMismatch
515453,dvc_45170,Velocity
515500,dvc_72511,LocationMismatch
515577,dvc_55928,LocationMismatch
515728,dvc_58649,ManualReview
515729,dvc_17057,LocationMismatch
515990,dvc_24267,ManualReview
516832,dvc_49520,AmountAnomaly
516935,dvc_32329,ManualReview
517103,dvc_17121,ManualReview
517161,dvc_17094,ManualReview
517688,dvc_99181,ManualReview
518176,dvc_30607,Velocity
518425,dvc_29975,ManualReview
518433,dvc_13393,AmountAnomaly
518471,dvc_72144,LocationMismatch
518758,dvc_47791,LocationMismatch
518855,dvc_12343,AmountAnomaly
519197,dvc_46709,Velocity
519244,dvc_87804,AmountAnomaly
519258,dvc_81233,LocationMismatch
519331,dvc_32690,AmountAnomaly
519911,dvc_80643,ManualReview
520089,dvc_12875,AmountAnomaly
520410,dvc_44231,Velocity
520509,dvc_61910,Velocity
520614,dvc_26635,LocationMismatch
520668,dvc_39028,Velocity
520887,dvc_29288,AmountAnomaly
521033,dvc_67495,ManualReview
521781,dvc_32396,ManualReview
521800,dvc_95018,Velocity
522349,dvc_56126,Velocity
522403,dvc_75616,Velocity
522570,dvc_75085,LocationMismatch
522591,dvc_45217,AmountAnomaly
522608,dvc_90579,AmountAnomaly
522743,dvc_68479,AmountAnomaly
522866,dvc_98838,AmountAnomaly
523431,dvc_42425,ManualReview
523742,dvc_60627,LocationMismatch
523824,dvc_61409,AmountAnomaly
523846,dvc_28252,AmountAnomaly
523900,dvc_75519,Velocity
524058,dvc_73286,LocationMismatch
524121,dvc_77939,ManualReview
524208,dvc_56901,Velocity
524400,dvc_47211,AmountAnomaly
524521,dvc_74354,Velocity
524669,dvc_80908,ManualReview
525365,dvc_74664,AmountAnomaly
525372,dvc_80652,AmountAnomaly
525415,dvc_73409,LocationMismatch
525492,dvc_21198,AmountAnomaly
525872,dvc_91114,LocationMismatch
526203,dvc_77360,LocationMismatch
526270,dvc_76657,AmountAnomaly
526366,dvc_70802,LocationMismatch
526387,dvc_48466,ManualReview
526493,dvc_11567,Velocity
526804,dvc_54055,Velocity
527026,dvc_34632,AmountAnomaly
527043,dvc_34632,LocationMismatch
527111,dvc_95458,Velocity
527342,dvc_48452,Velocity
527402,dvc_23868,AmountAnomaly
527547,dvc_54010,AmountAnomaly
527700,dvc_66146,LocationMismatch
527911,dvc_39711,LocationMismatch
527922,dvc_11981,Velocity
527990,dvc_21294,Velocity
528567,dvc_20053,LocationMismatch
528713,dvc_21394,ManualReview
528723,dvc_97666,ManualReview
528731,dvc_21394,Velocity
528738,dvc_96041,LocationMismatch
528950,dvc_79955,ManualReview
529018,dvc_81177,AmountAnomaly
529053,dvc_22529,LocationMismatch
529242,dvc_22070,Velocity
529413,dvc_30193,ManualReview
529590,dvc_57017,LocationMismatch
529612,dvc_37035,ManualReview
529656,dvc_37077,ManualReview
529692,dvc_54993,ManualReview
529991,dvc_76815,LocationMismatch
530007,dvc_48712,ManualReview
530060,dvc_76312,ManualReview
530176,dvc_64672,ManualReview
530324,dvc_75309,ManualReview
530402,dvc_45698,LocationMismatch
530431,dvc_20069,Velocity
530446,dvc_21642,ManualReview
530744,dvc_77690,Velocity
530763,dvc_77690,Velocity
531038,dvc_99366,LocationMismatch
531165,dvc_58289,AmountAnomaly
531325,dvc_47704,ManualReview
531373,dvc_93425,LocationMismatch
531629,dvc_51428,ManualReview
531663,dvc_31924,Velocity
531705,dvc_70590,AmountAnomaly
531823,dvc_78170,ManualReview
531894,dvc_29596,LocationMismatch
532037,dvc_28195,LocationMismatch
532183,dvc_19042,AmountAnomaly
532353,dvc_58221,Velocity
532605,dvc_10988,AmountAnomaly
532642,dvc_49424,AmountAnomaly
532843,dvc_74920,AmountAnomaly
533193,dvc_43951,ManualReview
533411,dvc_69385,ManualReview
533884,dvc_16259,LocationMismatch
533978,dvc_42873,AmountAnomaly
534011,dvc_50964,Velocity
534020,dvc_29918,Velocity
534183,dvc_22450,ManualReview
534243,dvc_58576,Velocity
534451,dvc_63266,Velocity
534463,dvc_82330,LocationMismatch
534534,dvc_25199,LocationMismatch
534977,dvc_90080,Velocity
535353,dvc_22748,ManualReview
535378,dvc_73056,Velocity
535566,dvc_99095,Velocity
535633,dvc_29686,AmountAnomaly
535804,dvc_75270,ManualReview
536271,dvc_32670,Velocity
536357,dvc_57686,Velocity
536453,dvc_93082,ManualReview
536509,dvc_41446,AmountAnomaly
536520,dvc_20141,LocationMismatch
536639,dvc_44048,AmountAnomaly
536833,dvc_70169,ManualReview
537096,dvc_57904,Velocity
537118,dvc_84432,LocationMismatch
537207,dvc_82077,LocationMismatch
537538,dvc_77212,Velocity
537603,dvc_92170,ManualReview
537655,dvc_27356,LocationMismatch
537779,dvc_44010,AmountAnomaly
537837,dvc_25716,LocationMismatch
537876,dvc_41883,ManualReview
538660,dvc_99670,AmountAnomaly
538811,dvc_67066,Velocity
539392,dvc_10130,LocationMismatch
539556,dvc_91128,AmountAnomaly
540003,dvc_33243,Velocity
540218,dvc_89231,AmountAnomaly
540300,dvc_20641,LocationMismatch
540483,dvc_87478,AmountAnomaly
540637,dvc_49942,ManualReview
540970,dvc_44593,AmountAnomaly
541098,dvc_88728,AmountAnomaly
541246,dvc_84082,AmountAnomaly
541459,dvc_12336,AmountAnomaly
541542,dvc_14723,AmountAnomaly
541842,dvc_89035,ManualReview
541859,dvc_56571,AmountAnomaly
541955,dvc_80987,LocationMismatch
542047,dvc_87597,ManualReview
542246,dvc_47970,ManualReview
542439,dvc_97700,ManualReview
542467,dvc_28085,LocationMismatch
542907,dvc_68191,AmountAnomaly
542951,dvc_67388,AmountAnomaly
542974,dvc_67684,LocationMismatch
543070,dvc_19121,AmountAnomaly
543184,dvc_95497,Velocity
543231,dvc_40015,Velocity
543234,dvc_31624,Velocity
543760,dvc_39113,AmountAnomaly
543840,dvc_46643,ManualReview
544173,dvc_13398,AmountAnomaly
544350,dvc_96962,ManualReview
544438,dvc_38985,Velocity
544456,dvc_79373,ManualReview
544472,dvc_85923,ManualReview
544586,dvc_57776,AmountAnomaly
544591,dvc_80458,LocationMismatch
544729,dvc_20820,LocationMismatch
545009,dvc_51133,ManualReview
546619,dvc_96050,AmountAnomaly
546640,dvc_85055,ManualReview
546885,dvc_32101,ManualReview
546928,dvc_54752,ManualReview
546955,dvc_92383,Velocity
546968,dvc_36813,AmountAnomaly
547078,dvc_21081,AmountAnomaly
547450,dvc_43367,Velocity
547528,dvc_43586,LocationMismatch
548023,dvc_75876,Velocity
548248,dvc_87337,AmountAnomaly
548257,dvc_44653,AmountAnomaly
548300,dvc_57445,LocationMismatch
548317,dvc_51641,LocationMismatch
548455,dvc_64925,Velocity
548458,dvc_64925,AmountAnomaly
548617,dvc_28271,ManualReview
548861,dvc_83779,Velocity
548875,dvc_41190,AmountAnomaly
548901,dvc_38395,Velocity
548904,dvc_67351,Velocity
549570,dvc_70472,LocationMismatch
549583,dvc_45065,Velocity
549627,dvc_85528,ManualReview
549697,dvc_58991,Velocity
549699,dvc_72313,ManualReview
549752,dvc_98839,LocationMismatch
549755,dvc_98839,ManualReview
549890,dvc_55107,AmountAnomaly
550145,dvc_24777,LocationMismatch
550335,dvc_17627,AmountAnomaly
550367,dvc_73846,Velocity
550644,dvc_39047,AmountAnomaly
550843,dvc_30131,LocationMismatch
550868,dvc_20913,AmountAnomaly
550893,dvc_58096,AmountAnomaly
551665,dvc_45994,ManualReview
551820,dvc_93677,AmountAnomaly
551929,dvc_40176,Velocity
552031,dvc_61655,Velocity
552148,dvc_87367,AmountAnomaly
552203,dvc_26151,LocationMismatch
552699,dvc_45886,ManualReview
553005,dvc_71600,Velocity
553466,dvc_29410,AmountAnomaly
553692,dvc_55595,ManualReview
553830,dvc_22522,LocationMismatch
553964,dvc_89681,ManualReview
554372,dvc_63448,ManualReview
554379,dvc_39357,Velocity
554814,dvc_53204,ManualReview
554894,dvc_28924,AmountAnomaly
554928,dvc_26722,Velocity
555039,dvc_10445,Velocity
555202,dvc_74900,LocationMismatch
555360,dvc_84561,AmountAnomaly
555373,dvc_26347,Velocity
555654,dvc_80533,ManualReview
556016,dvc_87399,AmountAnomaly
556020,dvc_33336,LocationMismatch
556636,dvc_87115,LocationMismatch
556848,dvc_40795,Velocity
556913,dvc_30891,LocationMismatch
557165,dvc_46042,Velocity
557260,dvc_37821,LocationMismatch
557297,dvc_10294,ManualReview
557418,dvc_11662,AmountAnomaly
558113,dvc_89270,Velocity
558160,dvc_31104,Velocity
558317,dvc_26723,LocationMismatch
559080,dvc_52497,LocationMismatch
559271,dvc_90547,AmountAnomaly
559540,dvc_85389,ManualReview
559541,dvc_75546,LocationMismatch
559893,dvc_87557,ManualReview
560027,dvc_32823,AmountAnomaly
560255,dvc_43702,ManualReview
560320,dvc_27490,ManualReview
560467,dvc_19537,Velocity
560770,dvc_56851,LocationMismatch
560837,dvc_80679,LocationMismatch
561051,dvc_25087,Velocity
561279,dvc_30611,Velocity
561533,dvc_63154,Velocity
561790,dvc_74725,Velocity
561844,dvc_70047,LocationMismatch
561862,dvc_70047,AmountAnomaly
562271,dvc_23965,LocationMismatch
562344,dvc_34650,LocationMismatch
562535,dvc_76439,Velocity
562633,dvc_42528,Velocity
562781,dvc_32215,Velocity
562916,dvc_72733,AmountAnomaly
563277,dvc_58041,Velocity
563439,dvc_85110,LocationMismatch
563686,dvc_89147,Velocity
563926,dvc_68108,ManualReview
563932,dvc_68108,ManualReview
564117,dvc_72457,Velocity
564149,dvc_26756,AmountAnomaly
564196,dvc_44518,Velocity
564304,dvc_24400,AmountAnomaly
564357,dvc_99361,ManualReview
564561,dvc_54738,AmountAnomaly
564573,dvc_54738,LocationMismatch
564606,dvc_52668,Velocity
564625,dvc_52668,AmountAnomaly
564640,dvc_37242,ManualReview
564736,dvc_69454,AmountAnomaly
564789,dvc_42004,LocationMismatch
564873,dvc_16007,AmountAnomaly
564896,dvc_51750,LocationMismatch
565024,dvc_56972,Velocity
565460,dvc_47236,ManualReview
565572,dvc_69985,ManualReview
565778,dvc_66101,AmountAnomaly
565821,dvc_52116,ManualReview
565933,dvc_71595,LocationMismatch
565976,dvc_82266,Velocity
566008,dvc_13187,Velocity
566459,dvc_26387,Velocity
566509,dvc_14503,AmountAnomaly
566748,dvc_52898,Velocity
566807,dvc_32160,Velocity
566830,dvc_24113,ManualReview
566865,dvc_47780,LocationMismatch
566928,dvc_52532,AmountAnomaly
567245,dvc_94027,ManualReview
567328,dvc_21730,ManualReview
567724,dvc_40212,LocationMismatch
567783,dvc_42195,LocationMismatch
567873,dvc_64256,AmountAnomaly
568328,dvc_17746,AmountAnomaly
568632,dvc_54526,LocationMismatch
568952,dvc_23212,LocationMismatch
569006,dvc_76835,AmountAnomaly
569137,dvc_22899,LocationMismatch
569182,dvc_65797,AmountAnomaly
569187,dvc_66230,LocationMismatch
569248,dvc_34537,LocationMismatch
569375,dvc_74113,Velocity
569416,dvc_98485,ManualReview
569781,dvc_11150,LocationMismatch
569960,dvc_22667,ManualReview
569972,dvc_40721,LocationMismatch
570480,dvc_38845,LocationMismatch
570638,dvc_76321,LocationMismatch
570828,dvc_73247,LocationMismatch
571128,dvc_84618,AmountAnomaly
571414,dvc_68873,AmountAnomaly
571667,dvc_78703,AmountAnomaly
572087,dvc_49016,AmountAnomaly
572274,dvc_12482,Velocity
572350,dvc_46418,AmountAnomaly
572361,dvc_34897,ManualReview
572397,dvc_76071,ManualReview
572674,dvc_86315,Velocity
573439,dvc_19283,Velocity
573789,dvc_89446,ManualReview
573819,dvc_46277,LocationMismatch
574479,dvc_96976,LocationMismatch
574709,dvc_20276,Velocity
574935,dvc_16198,ManualReview
575020,dvc_94499,ManualReview
575026,dvc_32480,Velocity
575107,dvc_64552,LocationMismatch
575148,dvc_58770,AmountAnomaly
575205,dvc_68369,ManualReview
575421,dvc_35413,ManualReview
575505,dvc_76574,LocationMismatch
575647,dvc_65896,ManualReview
575691,dvc_81708,Velocity
575972,dvc_60881,LocationMismatch
576078,dvc_97544,Velocity
576174,dvc_53407,ManualReview
576334,dvc_16333,Velocity
576606,dvc_92083,Velocity
576908,dvc_80209,Velocity
577010,dvc_46317,ManualReview
577222,dvc_18053,Velocity
577352,dvc_29948,Velocity
577454,dvc_58459,LocationMismatch
577865,dvc_26691,AmountAnomaly
578007,dvc_34757,ManualReview
578397,dvc_49046,AmountAnomaly
578588,dvc_52563,ManualReview
578610,dvc_75632,AmountAnomaly
578632,dvc_26236,ManualReview
578705,dvc_18485,AmountAnomaly
578871,dvc_77313,ManualReview
578929,dvc_59280,Velocity
578965,dvc_96734,LocationMismatch
579003,dvc_68670,ManualReview
579023,dvc_11008,Velocity
579090,dvc_91282,ManualReview
579193,dvc_81729,AmountAnomaly
579276,dvc_45038,Velocity
579287,dvc_10584,Velocity
579440,dvc_36506,ManualReview
579984,dvc_15259,Velocity
579989,dvc_15259,Velocity
580464,dvc_51206,ManualReview
580818,dvc_69309,Velocity
580914,dvc_85953,AmountAnomaly
581147,dvc_31207,LocationMismatch
581256,dvc_60785,LocationMismatch
581266,dvc_90402,ManualReview
581514,dvc_55423,LocationMismatch
581515,dvc_94217,LocationMismatch
581725,dvc_28511,ManualReview
581864,dvc_95007,LocationMismatch
582125,dvc_86163,Velocity
582172,dvc_54960,AmountAnomaly
582213,dvc_19046,ManualReview
582574,dvc_99074,ManualReview
582670,dvc_11896,AmountAnomaly
582977,dvc_82783,Velocity
583013,dvc_87279,LocationMismatch
583256,dvc_58789,LocationMismatch
583336,dvc_50803,LocationMismatch
583595,dvc_30023,ManualReview
583776,dvc_22882,Velocity
583779,dvc_22882,Velocity
583788,dvc_19082,LocationMismatch
584443,dvc_23133,AmountAnomaly
584526,dvc_73385,Velocity
585111,dvc_35787,LocationMismatch
585717,dvc_32392,Velocity
585725,dvc_83157,LocationMismatch
586222,dvc_69541,Velocity
586471,dvc_84282,Velocity
586927,dvc_80602,ManualReview
587027,dvc_76324,AmountAnomaly
587535,dvc_64411,Velocity
587839,dvc_84124,LocationMismatch
588374,dvc_42343,ManualReview
588976,dvc_54802,Velocity
589022,dvc_33376,Velocity
589038,dvc_97980,ManualReview
589048,dvc_97980,Velocity
589066,dvc_69978,LocationMismatch
589190,dvc_68104,AmountAnomaly
589193,dvc_74966,AmountAnomaly
589380,dvc_49994,Velocity
589419,dvc_65631,AmountAnomaly
589430,dvc_27241,LocationMismatch
590009,dvc_42698,LocationMismatch
590111,dvc_10589,Velocity
590116,dvc_33467,LocationMismatch
590163,dvc_87001,ManualReview
590631,dvc_86662,Velocity
590909,dvc_80963,Velocity
591280,dvc_59784,AmountAnomaly
591412,dvc_49777,ManualReview
591518,dvc_77681,ManualReview
591831,dvc_20656,LocationMismatch
591854,dvc_80669,ManualReview
591866,dvc_80669,Velocity
591981,dvc_11681,ManualReview
592140,dvc_54813,AmountAnomaly
592284,dvc_47851,AmountAnomaly
592345,dvc_43502,Velocity
592501,dvc_47989,ManualReview
592735,dvc_91254,AmountAnomaly
592801,dvc_31475,Velocity
592957,dvc_80242,Velocity
593113,dvc_56600,Velocity
593270,dvc_40560,AmountAnomaly
593385,dvc_55947,ManualReview
593485,dvc_17921,LocationMismatch
593801,dvc_87119,AmountAnomaly
593863,dvc_40425,LocationMismatch
594064,dvc_94599,LocationMismatch
594069,dvc_45291,ManualReview
594245,dvc_79059,AmountAnomaly
594426,dvc_46657,AmountAnomaly
594704,dvc_95941,Velocity
594922,dvc_65366,AmountAnomaly
595271,dvc_32584,LocationMismatch
595347,dvc_14529,AmountAnomaly
595443,dvc_84471,AmountAnomaly
595553,dvc_22907,ManualReview
595720,dvc_71203,AmountAnomaly
595724,dvc_61426,Velocity
595991,dvc_62767,AmountAnomaly
596047,dvc_29374,Velocity
596100,dvc_95292,Velocity
596130,dvc_51312,Velocity
596248,dvc_49847,LocationMismatch
596350,dvc_46178,Velocity
596373,dvc_40809,ManualReview
596524,dvc_75128,AmountAnomaly
596989,dvc_14908,ManualReview
597135,dvc_59334,ManualReview
597144,dvc_61453,LocationMismatch
597368,dvc_85219,LocationMismatch
597453,dvc_40330,AmountAnomaly
597556,dvc_30548,LocationMismatch
597605,dvc_69145,LocationMismatch
597884,dvc_43109,ManualReview
597972,dvc_26711,ManualReview
598082,dvc_99104,ManualReview
598196,dvc_40361,AmountAnomaly
598233,dvc_10529,AmountAnomaly
598251,dvc_51310,LocationMismatch
598252,dvc_51346,ManualReview
598271,dvc_25411,ManualReview
598301,dvc_82774,Velocity
598619,dvc_94647,AmountAnomaly
599062,dvc_43880,ManualReview
599370,dvc_11154,AmountAnomaly
599544,dvc_22826,AmountAnomaly
599653,dvc_87754,LocationMismatch
599815,dvc_93753,Velocity
599911,dvc_43676,LocationMismatch
600514,dvc_36812,AmountAnomaly
600532,dvc_79337,ManualReview
600608,dvc_75895,LocationMismatch
601238,dvc_62147,LocationMismatch
601331,dvc_84382,ManualReview
601344,dvc_51242,AmountAnomaly
601426,dvc_12357,LocationMismatch
601455,dvc_65790,ManualReview
601782,dvc_88958,AmountAnomaly
601797,dvc_88958,Velocity
601836,dvc_15403,LocationMismatch
601980,dvc_76983,ManualReview
601994,dvc_17853,Velocity
602157,dvc_63300,AmountAnomaly
602395,dvc_61890,AmountAnomaly
602592,dvc_80668,ManualReview
603099,dvc_36019,Velocity
603113,dvc_99676,LocationMismatch
603155,dvc_59246,ManualReview
603296,dvc_39448,Velocity
603388,dvc_89128,ManualReview
603500,dvc_87823,AmountAnomaly
603862,dvc_66328,LocationMismatch
603871,dvc_66328,Velocity
603884,dvc_77754,AmountAnomaly
603888,dvc_95956,LocationMismatch
604184,dvc_18524,AmountAnomaly
604544,dvc_67178,LocationMismatch
604822,dvc_62253,Velocity
605133,dvc_38439,AmountAnomaly
605412,dvc_81970,ManualReview
605736,dvc_47285,ManualReview
605751,dvc_79509,LocationMismatch
605787,dvc_77361,LocationMismatch
605910,dvc_81049,LocationMismatch
606077,dvc_59214,AmountAnomaly
606138,dvc_34636,Velocity
606236,dvc_85569,LocationMismatch
606431,dvc_66288,LocationMismatch
606879,dvc_50509,AmountAnomaly
606942,dvc_85947,Velocity
606950,dvc_41319,LocationMismatch
606964,dvc_84737,AmountAnomaly
607001,dvc_20774,Velocity
607779,dvc_98266,ManualReview
607805,dvc_27121,AmountAnomaly
607847,dvc_16353,ManualReview
608076,dvc_21079,ManualReview
608340,dvc_83093,ManualReview
609334,dvc_62071,Velocity
609570,dvc_22419,ManualReview
610063,dvc_34315,Velocity
610155,dvc_53244,AmountAnomaly
610161,dvc_41364,AmountAnomaly
610335,dvc_95889,LocationMismatch
611153,dvc_92100,Velocity
611353,dvc_81171,ManualReview
611548,dvc_34733,ManualReview
611872,dvc_59140,LocationMismatch
612210,dvc_90013,AmountAnomaly
612294,dvc_83751,Velocity
612384,dvc_67796,Velocity
612589,dvc_60637,LocationMismatch
612617,dvc_57888,LocationMismatch
612647,dvc_95814,ManualReview
612726,dvc_44676,ManualReview
612797,dvc_13910,ManualReview
612874,dvc_41451,Velocity
613194,dvc_42151,Velocity
613359,dvc_72352,ManualReview
613417,dvc_62098,AmountAnomaly
613708,dvc_68500,ManualReview
613903,dvc_91826,Velocity
614159,dvc_67077,Velocity
614403,dvc_77281,LocationMismatch
614933,dvc_19118,LocationMismatch
614982,dvc_87623,Velocity
614998,dvc_37702,AmountAnomaly
615171,dvc_58197,ManualReview
615425,dvc_84091,ManualReview
615501,dvc_62211,AmountAnomaly
615604,dvc_39085,ManualReview
615674,dvc_67181,Velocity
615823,dvc_60631,LocationMismatch
615861,dvc_59582,Velocity
615914,dvc_28179,ManualReview
616241,dvc_65106,ManualReview
616313,dvc_46697,ManualReview
616414,dvc_44371,LocationMismatch
616597,dvc_78337,LocationMismatch
616601,dvc_78337,Velocity
616685,dvc_87897,LocationMismatch
616916,dvc_51112,ManualReview
616917,dvc_51112,Velocity
616952,dvc_88305,AmountAnomaly
617097,dvc_64411,AmountAnomaly
617292,dvc_80357,ManualReview
617318,dvc_80357,LocationMismatch
617414,dvc_43438,Velocity
617602,dvc_33474,AmountAnomaly
617974,dvc_14852,Velocity
618078,dvc_51407,LocationMismatch
618190,dvc_16889,Velocity
618218,dvc_86788,ManualReview
618415,dvc_33681,Velocity
618631,dvc_67427,LocationMismatch
618856,dvc_71470,LocationMismatch
619059,dvc_73988,AmountAnomaly
619709,dvc_47876,ManualReview
619902,dvc_37033,LocationMismatch
619926,dvc_90337,LocationMismatch
620278,dvc_31534,ManualReview
620366,dvc_65363,AmountAnomaly
620702,dvc_85659,ManualReview
621182,dvc_12668,LocationMismatch
621200,dvc_51136,AmountAnomaly
621202,dvc_51136,ManualReview
621458,dvc_37073,AmountAnomaly
621522,dvc_88639,AmountAnomaly
622185,dvc_68481,LocationMismatch
622237,dvc_99693,AmountAnomaly
622455,dvc_35315,Velocity
622483,dvc_66751,LocationMismatch
622499,dvc_23372,AmountAnomaly
622563,dvc_46228,LocationMismatch
622957,dvc_18388,LocationMismatch
623085,dvc_30912,LocationMismatch
623223,dvc_94544,Velocity
623237,dvc_66945,LocationMismatch
623252,dvc_66945,LocationMismatch
623288,dvc_92236,Velocity
623351,dvc_49647,Velocity
623552,dvc_49809,AmountAnomaly
623921,dvc_29767,Velocity
624063,dvc_59866,LocationMismatch
624156,dvc_13138,LocationMismatch
624164,dvc_13138,ManualReview
624172,dvc_35190,Velocity
624363,dvc_35662,ManualReview
624458,dvc_73011,ManualReview
624461,dvc_73011,Velocity
624648,dvc_49835,AmountAnomaly
624655,dvc_11311,ManualReview
624663,dvc_49835,AmountAnomaly
624786,dvc_38210,AmountAnomaly
624827,dvc_40424,AmountAnomaly
625013,dvc_15395,ManualReview
625046,dvc_96456,ManualReview
625252,dvc_59576,Velocity
625425,dvc_70993,AmountAnomaly
625995,dvc_70810,Velocity
626204,dvc_22849,Velocity
626328,dvc_58484,Velocity
626608,dvc_24026,Velocity
627045,dvc_37525,LocationMismatch
627546,dvc_51945,LocationMismatch
627682,dvc_10444,Velocity
627817,dvc_84968,Velocity
627914,dvc_40924,LocationMismatch
628188,dvc_64730,Velocity
628369,dvc_13880,LocationMismatch
628415,dvc_59408,Velocity
628429,dvc_93420,ManualReview
628687,dvc_59439,LocationMismatch
628748,dvc_78406,AmountAnomaly
628807,dvc_57411,AmountAnomaly
628916,dvc_97452,LocationMismatch
628999,dvc_95817,AmountAnomaly
629049,dvc_81216,Velocity
629157,dvc_14496,LocationMismatch
629332,dvc_20177,Velocity
629534,dvc_57702,LocationMismatch
629723,dvc_40497,Velocity
629785,dvc_66086,ManualReview
629853,dvc_50400,Velocity
630043,dvc_85357,ManualReview
630638,dvc_61875,ManualReview
630642,dvc_81900,Velocity
631148,dvc_15371,Velocity
631243,dvc_10348,AmountAnomaly
631712,dvc_29288,Velocity
631723,dvc_93803,ManualReview
631801,dvc_67157,LocationMismatch
631832,dvc_23706,LocationMismatch
632097,dvc_68035,ManualReview
632114,dvc_94992,LocationMismatch
632191,dvc_98340,ManualReview
632385,dvc_30582,ManualReview
632541,dvc_15066,LocationMismatch
633195,dvc_82098,ManualReview
633257,dvc_36306,LocationMismatch
633539,dvc_33610,ManualReview
633561,dvc_93548,Velocity
634003,dvc_67800,Velocity
634045,dvc_74805,AmountAnomaly
634134,dvc_38430,Velocity
634175,dvc_86785,Velocity
634218,dvc_13982,Velocity
634358,dvc_42496,LocationMismatch
634602,dvc_32063,AmountAnomaly
634635,dvc_65542,Velocity
634675,dvc_18865,AmountAnomaly
635283,dvc_61394,ManualReview
635603,dvc_11438,LocationMismatch
635628,dvc_71133,ManualReview
635642,dvc_51721,Velocity
635704,dvc_38571,AmountAnomaly
635739,dvc_23045,LocationMismatch
635938,dvc_69488,Velocity
636103,dvc_41340,AmountAnomaly
636453,dvc_84166,AmountAnomaly
636793,dvc_33326,LocationMismatch
636971,dvc_61935,ManualReview
637137,dvc_40564,ManualReview
637452,dvc_61019,Velocity
637856,dvc_69488,ManualReview
637946,dvc_77242,ManualReview
638000,dvc_34054,Velocity
638067,dvc_19838,ManualReview
638273,dvc_95699,Velocity
638315,dvc_73557,Velocity
638552,dvc_44030,AmountAnomaly
638584,dvc_38245,LocationMismatch
638752,dvc_64690,LocationMismatch
638995,dvc_44102,AmountAnomaly
639237,dvc_32927,LocationMismatch
639601,dvc_25691,ManualReview
639707,dvc_64428,AmountAnomaly
639754,dvc_77638,AmountAnomaly
640087,dvc_26681,LocationMismatch
640145,dvc_92931,AmountAnomaly
640197,dvc_78250,LocationMismatch
640885,dvc_57584,ManualReview
641019,dvc_44192,AmountAnomaly
641204,dvc_41938,ManualReview
641291,dvc_49494,LocationMismatch
641354,dvc_84381,AmountAnomaly
641642,dvc_53232,AmountAnomaly
641712,dvc_98143,Velocity
641764,dvc_44368,AmountAnomaly
641872,dvc_35709,ManualReview
642571,dvc_15218,LocationMismatch
642572,dvc_15218,LocationMismatch
642582,dvc_20632,LocationMismatch
642622,dvc_42311,AmountAnomaly
642857,dvc_46454,LocationMismatch
643274,dvc_20491,LocationMismatch
643294,dvc_14563,LocationMismatch
643652,dvc_44691,AmountAnomaly
643659,dvc_23197,AmountAnomaly
643777,dvc_23016,LocationMismatch
643829,dvc_64186,Velocity
644000,dvc_88641,LocationMismatch
644341,dvc_70960,ManualReview
644430,dvc_85833,AmountAnomaly
644479,dvc_18373,Velocity
644545,dvc_85580,Velocity
644846,dvc_88508,Velocity
644904,dvc_82161,LocationMismatch
644998,dvc_44804,LocationMismatch
645122,dvc_94432,Velocity
645264,dvc_99471,LocationMismatch
645388,dvc_82194,ManualReview
645570,dvc_38637,Velocity
645651,dvc_73282,LocationMismatch
646479,dvc_73424,AmountAnomaly
646544,dvc_57837,LocationMismatch
646742,dvc_95443,ManualReview
647036,dvc_84325,LocationMismatch
647430,dvc_58474,Velocity
647620,dvc_74662,AmountAnomaly
647658,dvc_86530,AmountAnomaly
648867,dvc_65086,AmountAnomaly
648897,dvc_44734,ManualReview
648907,dvc_44734,LocationMismatch
648996,dvc_81963,ManualReview
649014,dvc_81963,ManualReview
649331,dvc_72502,Velocity
649404,dvc_11209,ManualReview
649611,dvc_11512,ManualReview
649671,dvc_71503,AmountAnomaly
649676,dvc_71503,LocationMismatch
649805,dvc_43789,ManualReview
650585,dvc_81011,AmountAnomaly
650931,dvc_33260,ManualReview
651026,dvc_42471,ManualReview
651071,dvc_31989,ManualReview
651080,dvc_31989,AmountAnomaly
651168,dvc_30964,ManualReview
651192,dvc_32495,ManualReview
651230,dvc_24490,AmountAnomaly
651301,dvc_81728,LocationMismatch
651390,dvc_61073,ManualReview
651722,dvc_15359,LocationMismatch
651937,dvc_68907,AmountAnomaly
652269,dvc_97644,ManualReview
652294,dvc_66452,AmountAnomaly
652616,dvc_21329,ManualReview
652916,dvc_85841,Velocity
652921,dvc_81994,LocationMismatch
653284,dvc_84266,Velocity
653493,dvc_57553,ManualReview
653567,dvc_51803,AmountAnomaly
653571,dvc_31201,Velocity
653579,dvc_17965,LocationMismatch
653866,dvc_49568,LocationMismatch
654273,dvc_82021,Velocity
654898,dvc_10898,AmountAnomaly
655127,dvc_99285,ManualReview
655410,dvc_91732,AmountAnomaly
655685,dvc_44113,AmountAnomaly
655982,dvc_26482,ManualReview
655988,dvc_26482,Velocity
656089,dvc_79682,ManualReview
656170,dvc_98072,ManualReview
656426,dvc_20683,ManualReview
656496,dvc_17278,Velocity
656836,dvc_68876,LocationMismatch
656865,dvc_13792,LocationMismatch
656923,dvc_96291,AmountAnomaly
657178,dvc_60645,LocationMismatch
657248,dvc_30620,Velocity
657352,dvc_82659,AmountAnomaly
657557,dvc_73142,LocationMismatch
657666,dvc_55604,AmountAnomaly
657716,dvc_56418,LocationMismatch
657958,dvc_47327,LocationMismatch
658073,dvc_75598,Velocity
658171,dvc_34575,Velocity
658644,dvc_46717,ManualReview
658770,dvc_72607,ManualReview
659463,dvc_87654,LocationMismatch
659497,dvc_23059,AmountAnomaly
659646,dvc_89291,LocationMismatch
659762,dvc_23734,AmountAnomaly
659795,dvc_17427,ManualReview
660189,dvc_49274,Velocity
660290,dvc_95670,ManualReview
660312,dvc_93652,LocationMismatch
660561,dvc_62405,AmountAnomaly
660829,dvc_31374,ManualReview
661070,dvc_99791,LocationMismatch
661995,dvc_58911,AmountAnomaly
662164,dvc_89832,ManualReview
662434,dvc_51284,ManualReview
662525,dvc_45458,ManualReview
662528,dvc_19332,AmountAnomaly
662545,dvc_51368,ManualReview
662621,dvc_79391,LocationMismatch
662842,dvc_43073,Velocity
663069,dvc_40273,Velocity
663551,dvc_63121,LocationMismatch
663561,dvc_12885,AmountAnomaly
663854,dvc_60601,AmountAnomaly
663915,dvc_68721,Velocity
664001,dvc_15107,ManualReview
664012,dvc_15107,LocationMismatch
664023,dvc_93208,LocationMismatch
664528,dvc_69350,ManualReview
664901,dvc_64663,LocationMismatch
665183,dvc_46433,Velocity
665338,dvc_36265,ManualReview
665655,dvc_38649,ManualReview
665706,dvc_53708,ManualReview
665743,dvc_87034,AmountAnomaly
665771,dvc_82109,AmountAnomaly
665854,dvc_22190,AmountAnomaly
666075,dvc_74489,AmountAnomaly
666099,dvc_48451,LocationMismatch
666317,dvc_33100,AmountAnomaly
666534,dvc_32921,LocationMismatch
666634,dvc_72180,AmountAnomaly
666794,dvc_82772,ManualReview
666842,dvc_80118,AmountAnomaly
667469,dvc_87250,ManualReview
667584,dvc_96281,ManualReview
667689,dvc_87565,Velocity
667883,dvc_82472,AmountAnomaly
668043,dvc_98706,AmountAnomaly
668138,dvc_68418,Velocity
668189,dvc_66409,LocationMismatch
668464,dvc_36246,ManualReview
669181,dvc_61369,AmountAnomaly
669197,dvc_59887,AmountAnomaly
669702,dvc_34900,ManualReview
670222,dvc_76012,LocationMismatch
671227,dvc_36714,LocationMismatch
671373,dvc_98143,LocationMismatch
671558,dvc_41108,LocationMismatch
671662,dvc_45215,Velocity
671724,dvc_85451,Velocity
671834,dvc_82795,AmountAnomaly
672215,dvc_97730,AmountAnomaly
672255,dvc_63508,LocationMismatch
672616,dvc_56345,ManualReview
672829,dvc_26670,Velocity
672882,dvc_59043,ManualReview
673112,dvc_52956,Velocity
673332,dvc_69177,ManualReview
673628,dvc_19263,Velocity
673949,dvc_44494,Velocity
674029,dvc_55835,ManualReview
674070,dvc_74960,ManualReview
674222,dvc_22464,AmountAnomaly
674422,dvc_38945,AmountAnomaly
674498,dvc_26583,LocationMismatch
674614,dvc_30024,ManualReview
674848,dvc_30006,Velocity
675127,dvc_75752,AmountAnomaly
675882,dvc_37575,Velocity
675903,dvc_61238,Velocity
675985,dvc_71840,ManualReview
676217,dvc_65394,Velocity
676400,dvc_94383,Velocity
676656,dvc_91461,Velocity
676689,dvc_23516,ManualReview
676700,dvc_69615,AmountAnomaly
676878,dvc_31021,AmountAnomaly
677235,dvc_33657,ManualReview
677562,dvc_72813,Velocity
677602,dvc_95531,Velocity
677612,dvc_39811,LocationMismatch
677618,dvc_52736,Velocity
677758,dvc_79527,AmountAnomaly
677853,dvc_49148,ManualReview
677865,dvc_22531,AmountAnomaly
677914,dvc_78890,ManualReview
678056,dvc_89693,AmountAnomaly
678066,dvc_21949,ManualReview
678086,dvc_93605,Velocity
678244,dvc_42982,AmountAnomaly
678250,dvc_78425,ManualReview
678325,dvc_40066,AmountAnomaly
678449,dvc_29262,ManualReview
678605,dvc_70392,LocationMismatch
678666,dvc_92656,LocationMismatch
678842,dvc_26543,Velocity
678977,dvc_61760,ManualReview
678998,dvc_59987,AmountAnomaly
679578,dvc_41283,AmountAnomaly
679694,dvc_18064,Velocity
679828,dvc_97856,Velocity
679916,dvc_52511,AmountAnomaly
679976,dvc_98003,LocationMismatch
680019,dvc_23381,ManualReview
680146,dvc_25504,ManualReview
680150,dvc_16520,AmountAnomaly
680191,dvc_33369,ManualReview
680292,dvc_50588,AmountAnomaly
680347,dvc_50009,ManualReview
680585,dvc_15166,Velocity
681275,dvc_73209,Velocity
681395,dvc_55429,ManualReview
681559,dvc_44043,ManualReview
681562,dvc_44043,LocationMismatch
681642,dvc_45935,LocationMismatch
681857,dvc_33261,LocationMismatch
682177,dvc_76458,ManualReview
682245,dvc_37028,LocationMismatch
682434,dvc_40346,LocationMismatch
682527,dvc_92450,LocationMismatch
682575,dvc_88727,Velocity
682619,dvc_58373,AmountAnomaly
682755,dvc_28416,LocationMismatch
682803,dvc_10936,ManualReview
683289,dvc_82405,LocationMismatch
683365,dvc_89834,AmountAnomaly
684136,dvc_24893,ManualReview
684259,dvc_71326,LocationMismatch
684394,dvc_20456,LocationMismatch
684598,dvc_76993,ManualReview
684707,dvc_43935,AmountAnomaly
684765,dvc_36523,Velocity
684829,dvc_35910,AmountAnomaly
685267,dvc_61747,AmountAnomaly
685437,dvc_33649,AmountAnomaly
685474,dvc_23528,ManualReview
685812,dvc_82694,LocationMismatch
685884,dvc_84065,LocationMismatch
686116,dvc_73492,ManualReview
686377,dvc_89913,LocationMismatch
686472,dvc_50802,Velocity
687088,dvc_79900,Velocity
687219,dvc_76796,Velocity
687257,dvc_18380,Velocity
687469,dvc_81889,AmountAnomaly
687574,dvc_82263,Velocity
688141,dvc_38548,LocationMismatch
688855,dvc_57659,AmountAnomaly
689104,dvc_87304,Velocity
689130,dvc_31475,AmountAnomaly
689277,dvc_36876,Velocity
689485,dvc_68130,LocationMismatch
689763,dvc_61008,LocationMismatch
689874,dvc_84111,AmountAnomaly
689913,dvc_13386,AmountAnomaly
690036,dvc_75658,AmountAnomaly
690119,dvc_12188,ManualReview
690406,dvc_73953,Velocity
690542,dvc_19029,Velocity
690701,dvc_38111,ManualReview
690866,dvc_22262,Velocity
691355,dvc_65850,ManualReview
691392,dvc_56257,Velocity
691530,dvc_40883,Velocity
691680,dvc_31043,LocationMismatch
691753,dvc_80798,ManualReview
692216,dvc_26148,LocationMismatch
692359,dvc_94697,LocationMismatch
692557,dvc_85266,AmountAnomaly
692701,dvc_16160,LocationMismatch
692863,dvc_58844,AmountAnomaly
693206,dvc_86073,LocationMismatch
693235,dvc_87682,ManualReview
693575,dvc_22780,ManualReview
693748,dvc_14993,Velocity
693771,dvc_72184,AmountAnomaly
694144,dvc_76316,AmountAnomaly
694290,dvc_84047,ManualReview
694326,dvc_16801,Velocity
694628,dvc_75139,LocationMismatch
694807,dvc_90861,Velocity
695084,dvc_29912,ManualReview
695391,dvc_53905,AmountAnomaly
696032,dvc_70981,AmountAnomaly
696042,dvc_17338,ManualReview
696056,dvc_40755,Velocity
696058,dvc_91879,ManualReview
696131,dvc_69244,LocationMismatch
696340,dvc_43892,Velocity
696466,dvc_59671,Velocity
696551,dvc_73209,LocationMismatch
696647,dvc_80187,AmountAnomaly
696868,dvc_30062,Velocity
696894,dvc_79633,AmountAnomaly
697231,dvc_97804,AmountAnomaly
697438,dvc_40521,LocationMismatch
697632,dvc_29388,LocationMismatch
697633,dvc_29388,ManualReview
697671,dvc_94619,AmountAnomaly
697871,dvc_34180,ManualReview
698038,dvc_30140,LocationMismatch
698220,dvc_29441,AmountAnomaly
698283,dvc_18740,LocationMismatch
698401,dvc_53890,Velocity
698793,dvc_16820,Velocity
698830,dvc_98139,ManualReview
698863,dvc_31434,ManualReview
699039,dvc_33396,Velocity
699259,dvc_37024,ManualReview
699280,dvc_96969,AmountAnomaly
699281,dvc_21151,Velocity
699508,dvc_65489,ManualReview
699556,dvc_95838,ManualReview
699647,dvc_21491,LocationMismatch
699738,dvc_43010,ManualReview
700081,dvc_56394,ManualReview
700425,dvc_98155,Velocity
700444,dvc_31393,ManualReview
700813,dvc_38863,Velocity
700980,dvc_19518,ManualReview
701494,dvc_99482,LocationMismatch
701684,dvc_23783,LocationMismatch
701843,dvc_19218,AmountAnomaly
701946,dvc_93310,Velocity
702109,dvc_52861,AmountAnomaly
702633,dvc_74835,LocationMismatch
703071,dvc_51924,Velocity
703198,dvc_90892,ManualReview
703201,dvc_58748,Velocity
703361,dvc_61962,Velocity
703394,dvc_66753,ManualReview
703639,dvc_12929,LocationMismatch
703665,dvc_91972,AmountAnomaly
704010,dvc_92735,ManualReview
704161,dvc_45937,AmountAnomaly
704330,dvc_17218,AmountAnomaly
704595,dvc_65228,LocationMismatch
704599,dvc_65228,LocationMismatch
704729,dvc_38416,LocationMismatch
704747,dvc_25109,AmountAnomaly
704773,dvc_48983,ManualReview
704803,dvc_27742,ManualReview
704826,dvc_91544,ManualReview
704989,dvc_43455,AmountAnomaly
705401,dvc_27119,LocationMismatch
705586,dvc_49845,Velocity
706179,dvc_90301,AmountAnomaly
706259,dvc_87753,AmountAnomaly
706418,dvc_54768,AmountAnomaly
706588,dvc_50451,Velocity
706794,dvc_91979,LocationMismatch
706904,dvc_69059,AmountAnomaly
706905,dvc_69059,Velocity
707145,dvc_38766,ManualReview
707168,dvc_59413,ManualReview
707209,dvc_47430,AmountAnomaly
707309,dvc_93528,AmountAnomaly
707498,dvc_97559,Velocity
707624,dvc_74072,LocationMismatch
707798,dvc_32925,LocationMismatch
707838,dvc_78529,AmountAnomaly
707841,dvc_78529,LocationMismatch
708129,dvc_37705,AmountAnomaly
708440,dvc_55846,Velocity
708507,dvc_24981,AmountAnomaly
708548,dvc_60504,ManualReview
708861,dvc_69519,Velocity
708964,dvc_25329,LocationMismatch
709385,dvc_14563,ManualReview
709635,dvc_35595,LocationMismatch
709666,dvc_61999,Velocity
710274,dvc_96576,LocationMismatch
710432,dvc_73624,ManualReview
710475,dvc_11787,Velocity
710910,dvc_98482,LocationMismatch
710996,dvc_75897,ManualReview
711081,dvc_79955,ManualReview
711208,dvc_75535,LocationMismatch
711231,dvc_17970,Velocity
711319,dvc_74213,ManualReview
711428,dvc_39034,LocationMismatch
711440,dvc_87868,AmountAnomaly
711505,dvc_84237,LocationMismatch
711514,dvc_27950,ManualReview
711525,dvc_84237,Velocity
711694,dvc_88365,Velocity
711836,dvc_83883,ManualReview
711873,dvc_93980,LocationMismatch
712022,dvc_44303,AmountAnomaly
712158,dvc_70933,Velocity
712312,dvc_15111,Velocity
712385,dvc_62865,AmountAnomaly
712691,dvc_82726,ManualReview
712723,dvc_77768,ManualReview
712779,dvc_97847,Velocity
712781,dvc_51001,ManualReview
713126,dvc_78058,AmountAnomaly
713250,dvc_33538,ManualReview
713707,dvc_15168,LocationMismatch
713847,dvc_57000,AmountAnomaly
713905,dvc_94148,ManualReview
713915,dvc_94148,ManualReview
713916,dvc_94148,AmountAnomaly
713981,dvc_78168,AmountAnomaly
714584,dvc_59858,LocationMismatch
714808,dvc_45065,AmountAnomaly
715072,dvc_20890,ManualReview
715140,dvc_86095,Velocity
715244,dvc_81324,ManualReview
715709,dvc_38672,AmountAnomaly
715744,dvc_41317,AmountAnomaly
715836,dvc_34376,ManualReview
716047,dvc_12678,LocationMismatch
716191,dvc_11051,ManualReview
716381,dvc_71531,LocationMismatch
717046,dvc_94835,LocationMismatch
717208,dvc_12293,AmountAnomaly
717294,dvc_10078,LocationMismatch
717584,dvc_56673,ManualReview
717618,dvc_19772,Velocity
717881,dvc_25387,AmountAnomaly
717950,dvc_86436,LocationMismatch
718047,dvc_19118,ManualReview
718086,dvc_98673,AmountAnomaly
718172,dvc_97977,LocationMismatch
718215,dvc_98375,AmountAnomaly
718261,dvc_13154,LocationMismatch
718812,dvc_51701,ManualReview
718813,dvc_70137,LocationMismatch
718823,dvc_78855,AmountAnomaly
718835,dvc_78855,AmountAnomaly
718946,dvc_44334,LocationMismatch
719133,dvc_71503,ManualReview
719230,dvc_75253,Velocity
719439,dvc_89342,ManualReview
719440,dvc_89342,LocationMismatch
719447,dvc_80045,LocationMismatch
719502,dvc_57206,Velocity
719595,dvc_69970,LocationMismatch
719617,dvc_81931,ManualReview
719674,dvc_88246,ManualReview
719695,dvc_47557,LocationMismatch
720139,dvc_80644,LocationMismatch
720248,dvc_22326,AmountAnomaly
720342,dvc_94872,ManualReview
720461,dvc_50855,Velocity
720518,dvc_51038,Velocity
720666,dvc_52009,AmountAnomaly
720861,dvc_42076,LocationMismatch
721403,dvc_72290,ManualReview
721423,dvc_73964,AmountAnomaly
721460,dvc_56932,LocationMismatch
721501,dvc_60531,AmountAnomaly
721736,dvc_40076,ManualReview
721886,dvc_57257,LocationMismatch
722194,dvc_31118,LocationMismatch
722366,dvc_59994,ManualReview
722624,dvc_13035,ManualReview
722652,dvc_75170,Velocity
723091,dvc_44959,Velocity
723246,dvc_96138,LocationMismatch
723255,dvc_70039,Velocity
723668,dvc_64951,LocationMismatch
723885,dvc_32552,ManualReview
724174,dvc_76024,ManualReview
724229,dvc_82713,Velocity
724239,dvc_66450,Velocity
724332,dvc_97051,LocationMismatch
724475,dvc_14277,ManualReview
724806,dvc_70021,Velocity
725071,dvc_21101,Velocity
725499,dvc_62961,AmountAnomaly
725536,dvc_47504,ManualReview
725540,dvc_61083,ManualReview
725873,dvc_32380,LocationMismatch
725925,dvc_60613,LocationMismatch
725995,dvc_21332,ManualReview
726068,dvc_54066,Velocity
726478,dvc_68994,Velocity
726484,dvc_19551,LocationMismatch
726546,dvc_11203,LocationMismatch
726768,dvc_14819,AmountAnomaly
726781,dvc_14819,LocationMismatch
726856,dvc_21849,ManualReview
727150,dvc_87563,AmountAnomaly
727826,dvc_51270,Velocity
727827,dvc_51270,ManualReview
728437,dvc_12743,LocationMismatch
728607,dvc_81906,LocationMismatch
728763,dvc_19237,ManualReview
728784,dvc_14808,LocationMismatch
728815,dvc_79923,AmountAnomaly
729329,dvc_55640,AmountAnomaly
729516,dvc_13552,AmountAnomaly
729723,dvc_46028,Velocity
729887,dvc_96781,LocationMismatch
729997,dvc_14062,ManualReview
730216,dvc_17826,AmountAnomaly
730219,dvc_17826,AmountAnomaly
730424,dvc_77651,LocationMismatch
730456,dvc_87611,AmountAnomaly
730546,dvc_65681,ManualReview
730715,dvc_26899,ManualReview
730722,dvc_53378,LocationMismatch
730860,dvc_98134,ManualReview
730890,dvc_50614,Velocity
730966,dvc_78691,AmountAnomaly
731393,dvc_78881,AmountAnomaly
731524,dvc_82752,Velocity
731599,dvc_80800,Velocity
731767,dvc_72857,AmountAnomaly
731893,dvc_47956,AmountAnomaly
731932,dvc_59926,ManualReview
732009,dvc_66062,AmountAnomaly
732095,dvc_78099,Velocity
732285,dvc_18241,Velocity
732825,dvc_68161,Velocity
732977,dvc_78995,Velocity
733254,dvc_68741,AmountAnomaly
